Symbol,variable,autoimmune_microbiome,microbiome_pct,autoimmune_diet,diet_pct,total
PRJNA855481,BioProject,323,3.67,0,0,323
PRJNA884872,BioProject,151,1.72,151,8.74,302
PRJNA967360,BioProject,145,1.65,145,8.4,290
PRJNA532888,BioProject,284,3.23,0,0,284
PRJEB28515,BioProject,281,3.2,0,0,281
PRJEB22977,BioProject,139,1.58,139,8.05,278
PRJNA1088083,BioProject,276,3.14,0,0,276
PRJEB14869,BioProject,254,2.89,0,0,254
PRJEB32443,BioProject,250,2.84,0,0,250
PRJEB22970,BioProject,110,1.25,110,6.37,220
PRJEB28382,BioProject,0,0,212,12.28,212
PRJEB63180,BioProject,210,2.39,0,0,210
PRJNA321051,BioProject,210,2.39,0,0,210
PRJEB58787,BioProject,204,2.32,0,0,204
PRJEB11414,BioProject,200,2.27,0,0,200
PRJNA564343,BioProject,100,1.14,100,5.79,200
PRJNA1162502,BioProject,193,2.19,0,0,193
PRJEB28543,BioProject,192,2.18,0,0,192
PRJNA841771,BioProject,189,2.15,0,0,189
PRJEB88329,BioProject,167,1.9,0,0,167
PRJEB97797,BioProject,163,1.85,0,0,163
PRJEB24885,BioProject,160,1.82,0,0,160
PRJNA682734,BioProject,158,1.8,0,0,158
PRJNA1059274,BioProject,157,1.79,0,0,157
PRJDB18595,BioProject,151,1.72,0,0,151
PRJEB99111,BioProject,147,1.67,0,0,147
PRJNA766410,BioProject,139,1.58,0,0,139
PRJNA767648,BioProject,138,1.57,0,0,138
PRJNA808105,BioProject,130,1.48,0,0,130
PRJEB21104,BioProject,128,1.46,0,0,128
PRJNA1285275,BioProject,125,1.42,0,0,125
PRJNA556801,BioProject,115,1.31,0,0,115
PRJEB20837,BioProject,113,1.29,0,0,113
PRJNA1287598,BioProject,56,0.64,56,3.24,112
PRJNA1105425,BioProject,110,1.25,0,0,110
PRJEB32067,BioProject,108,1.23,0,0,108
PRJEB12307,BioProject,100,1.14,0,0,100
PRJEB63123,BioProject,49,0.56,49,2.84,98
PRJNA386516,BioProject,0,0,96,5.56,96
PRJDB18654,BioProject,94,1.07,0,0,94
PRJNA557419,BioProject,92,1.05,0,0,92
PRJNA641454,BioProject,91,1.03,0,0,91
PRJEB106071,BioProject,90,1.02,0,0,90
PRJNA185467,BioProject,90,1.02,0,0,90
PRJEB61825,BioProject,85,0.97,0,0,85
PRJNA688384,BioProject,84,0.96,0,0,84
PRJEB94445,BioProject,80,0.91,0,0,80
PRJNA1016427,BioProject,80,0.91,0,0,80
PRJNA609140,BioProject,80,0.91,0,0,80
PRJNA1431678,BioProject,79,0.9,0,0,79
PRJEB103000,BioProject,77,0.88,0,0,77
PRJNA793584,BioProject,0,0,74,4.28,74
PRJNA494384,BioProject,72,0.82,0,0,72
PRJNA543853,BioProject,71,0.81,0,0,71
PRJNA702261,BioProject,0,0,69,4,69
PRJNA676148,BioProject,67,0.76,0,0,67
PRJEB34168,BioProject,65,0.74,0,0,65
PRJNA706065,BioProject,65,0.74,0,0,65
PRJNA749624,BioProject,63,0.72,0,0,63
PRJNA1011244,BioProject,61,0.69,0,0,61
PRJNA763625,BioProject,60,0.68,0,0,60
PRJNA1365339,BioProject,59,0.67,0,0,59
PRJEB65938,BioProject,0,0,58,3.36,58
PRJDB2495,BioProject,28,0.32,28,1.62,56
PRJNA1294576,BioProject,54,0.61,0,0,54
PRJNA1432079,BioProject,51,0.58,0,0,51
PRJEB35028,BioProject,0,0,50,2.9,50
PRJNA1279180,BioProject,0,0,50,2.9,50
PRJNA678005,BioProject,50,0.57,0,0,50
PRJEB37474,BioProject,0,0,46,2.66,46
PRJEB55711,BioProject,44,0.5,0,0,44
PRJNA857562,BioProject,44,0.5,0,0,44
PRJEB85914,BioProject,43,0.49,0,0,43
PRJNA1338242,BioProject,43,0.49,0,0,43
PRJDB39974,BioProject,41,0.47,0,0,41
PRJNA892997,BioProject,41,0.47,0,0,41
PRJNA1365436,BioProject,40,0.45,0,0,40
PRJNA679096,BioProject,0,0,40,2.32,40
PRJNA706579,BioProject,40,0.45,0,0,40
PRJNA842401,BioProject,20,0.23,20,1.16,40
PRJNA896256,BioProject,40,0.45,0,0,40
PRJNA394874,BioProject,0,0,37,2.14,37
PRJEB39044,BioProject,31,0.35,0,0,31
PRJNA1099171,BioProject,0,0,30,1.74,30
PRJNA716635,BioProject,30,0.34,0,0,30
PRJNA746948,BioProject,30,0.34,0,0,30
PRJNA714758,BioProject,28,0.32,0,0,28
PRJEB58696,BioProject,26,0.3,0,0,26
PRJNA1158834,BioProject,0,0,26,1.51,26
PRJEB22348,BioProject,24,0.27,0,0,24
PRJNA824505,BioProject,24,0.27,0,0,24
PRJNA715451,BioProject,23,0.26,0,0,23
PRJNA1357298,BioProject,20,0.23,0,0,20
PRJNA819379,BioProject,20,0.23,0,0,20
PRJNA824504,BioProject,20,0.23,0,0,20
PRJNA524321,BioProject,0,0,19,1.1,19
PRJNA1157898,BioProject,0,0,18,1.04,18
PRJNA805114,BioProject,17,0.19,0,0,17
PRJNA881239,BioProject,17,0.19,0,0,17
PRJNA1093168,BioProject,0,0,16,0.93,16
PRJNA1108506,BioProject,16,0.18,0,0,16
PRJNA1241709,BioProject,16,0.18,0,0,16
PRJNA982793,BioProject,0,0,16,0.93,16
PRJNA296810,BioProject,15,0.17,0,0,15
PRJNA525682,BioProject,15,0.17,0,0,15
PRJNA1048658,BioProject,14,0.16,0,0,14
PRJNA1030016,BioProject,0,0,13,0.75,13
PRJNA1416305,BioProject,12,0.14,0,0,12
PRJNA210238,BioProject,12,0.14,0,0,12
PRJNA824506,BioProject,12,0.14,0,0,12
PRJNA231749,BioProject,11,0.13,0,0,11
PRJNA1188120,BioProject,10,0.11,0,0,10
PRJNA1222148,BioProject,10,0.11,0,0,10
PRJNA746234,BioProject,0,0,10,0.58,10
PRJNA1123664,BioProject,9,0.1,0,0,9
PRJNA1209914,BioProject,0,0,9,0.52,9
PRJNA606741,BioProject,0,0,9,0.52,9
PRJNA1077285,BioProject,0,0,8,0.46,8
PRJNA857565,BioProject,0,0,8,0.46,8
PRJNA925123,BioProject,8,0.09,0,0,8
PRJNA1109868,BioProject,0,0,6,0.35,6
PRJNA1124004,BioProject,0,0,6,0.35,6
PRJNA992475,BioProject,6,0.07,0,0,6
PRJEB73816,BioProject,4,0.05,0,0,4
PRJNA691898,BioProject,4,0.05,0,0,4
PRJEB29771,BioProject,0,0,3,0.17,3
UNIVERSITY OF CALIFORNIA SAN DIEGO MICROBIOME INIT,CenterName,719,8.18,49,2.84,768
UBC,CenterName,468,5.32,145,8.4,613
COPENHAGEN UNIVERSITY,CenterName,249,2.83,249,14.42,498
"YALE UNIVERSITY, NEW HAVEN, UNITED STATES",CenterName,173,1.97,212,12.28,385
OREGON HEALTH & SCIENCE UNIVERSITY,CenterName,151,1.72,151,8.74,302
"UNIVERSITY OF CHINESE ACADEMY OF SCIENCES,",CenterName,284,3.23,0,0,284
LUND UNIVERSITY,CenterName,281,3.2,0,0,281
UNIVERSITY OF CONNECTICUT HEALTH CENTER,CenterName,276,3.14,0,0,276
UNIVERSITY OF SCIENCE AND TECHNOLOGY OF CHINA,CenterName,264,3,0,0,264
GEO,CenterName,222,2.52,38,2.2,260
LATVIAN BIOMEDICAL RESEARCH AND STUDY CENTRE,CenterName,253,2.88,0,0,253
"RIKEN, INTEGRATIVE MEDICAL SCIENCES",CenterName,245,2.79,0,0,245
BRIGHAM AND WOMEN'S HOSPITAL,CenterName,210,2.39,0,0,210
FISABIO,CenterName,209,2.38,0,0,209
"UNIVERSITY OF COPENHAGEN, SECTION OF MICROBIOLOGY",CenterName,204,2.32,0,0,204
THE WELLCOME TRUST SANGER INSTITUTE,CenterName,201,2.29,0,0,201
UNIVERSITY OF MINNESOTA,CenterName,200,2.27,0,0,200
UNIVERSITY OF TEXAS AT AUSTIN,CenterName,100,1.14,100,5.79,200
"UNIVERSITY OF CALIFORNIA, SAN DIEGO",CenterName,193,2.19,0,0,193
NEW YORK UNIVERSITY SCHOOL OF MEDICINE,CenterName,192,2.18,0,0,192
"CENTER FOR LIFE SCIENCES, NATIONAL LABORATORY ASTANA",CenterName,189,2.15,0,0,189
EWHA WOMANS UNIVERSITY,CenterName,167,1.9,0,0,167
LUXEMBOURG CENTRE FOR SYSTEMS BIOMEDICINE,CenterName,163,1.85,0,0,163
"ICDDR,B",CenterName,157,1.79,0,0,157
COLUMBIA UNIVERSITY MEDICAL CENTRE (CUMC),CenterName,138,1.57,0,0,138
DREXEL UNIVERSITY,CenterName,130,1.48,0,0,130
CGR,CenterName,128,1.46,0,0,128
THE FIRST AFFILIATED HOSPITAL OF ZHENGZHOU UNIVERSITY,CenterName,115,1.31,0,0,115
UNIVERSITY OF VERMONT,CenterName,56,0.64,56,3.24,112
UNIVERSITY OF NORTH CAROLINA AT CHARLOTTE,CenterName,110,1.25,0,0,110
UNIVERSITY OF LUBECK,CenterName,100,1.14,0,0,100
UNIVERSITY OF UTAH - SCHOOL OF MEDICINE,CenterName,0,0,96,5.56,96
UNIVERSITY OF  FLORIDA,CenterName,92,1.05,0,0,92
UNIVERSITY OF COLORADO SCHOOL OF MEDICINE,CenterName,90,1.02,0,0,90
UNIVERSITY OF SEVILLE,CenterName,90,1.02,0,0,90
BAYLOR COLLEGE OF MEDICINE,CenterName,87,0.99,0,0,87
"CARDIFF UNIVERSITY, SCHOOL OF BIOSCIENCES",CenterName,85,0.97,0,0,85
KINDAI UNIVERSITY FACULTY OF MEDICINE,CenterName,84,0.96,0,0,84
ICAHN SCHOOL OF MEDICINE AT MOUNT SINAI,CenterName,80,0.91,0,0,80
NORWEGIAN PSC RESEARCH CENTER,CenterName,80,0.91,0,0,80
UNIVERSITY OF CALIFORNIA AT RIVERSIDE,CenterName,80,0.91,0,0,80
YONSEI UNIVERSITY COLLEGE OF MEDICINE,CenterName,79,0.9,0,0,79
UNIVERSITY OF KIEL,CenterName,77,0.88,0,0,77
BAMBINO GESU' CHILDREN'S HOSPITAL-IRCCS,CenterName,0,0,74,4.28,74
UNIVERSITY MEDICAL CENTER HAMBURG-EPPENDORF,CenterName,72,0.82,0,0,72
SHENZHEN PUENSUM GENETECH INSTITUTE,CenterName,70,0.8,0,0,70
"BAMBINO GESU CHILDREN S HOSPITAL, IRCCS, ROME, ITALY",CenterName,0,0,69,4,69
UNIVERSITY OF CONNECTICUT  HEALTH CENTER,CenterName,67,0.76,0,0,67
VANDERBILT UNIVERSITY MEDICAL CENTER,CenterName,65,0.74,0,0,65
NAGOYA UNIVERSITY GRADUATE SCHOOL OF MEDICINE,CenterName,61,0.69,0,0,61
SOONCHUNHYANG UNIVERSITY,CenterName,59,0.67,0,0,59
LOUVAIN DRUG RESEARCH INSTITUTE,CenterName,0,0,58,3.36,58
NCCS,CenterName,28,0.32,28,1.62,56
UNIVERSITY OF VIRGINIA,CenterName,56,0.64,0,0,56
WEST CHINA SCHOOL OF STOMATOLOGY,CenterName,54,0.61,0,0,54
WELLCOME SANGER INSTITUTE,CenterName,53,0.6,0,0,53
"CBDM, MICROBIOLOGY AND IMMUNOBIOLOGY, HARVARD MEDICAL SCHOOL",CenterName,0,0,50,2.9,50
"FIRST AFFILIATED HOSPITAL, SCHOOL OF MEDICINE, ZHEJIANG UNIVERSITY",CenterName,50,0.57,0,0,50
UNIVERSITY OF SASSARI,CenterName,0,0,50,2.9,50
SICKKIDS RESEARCH INSTITUTE,CenterName,0,0,46,2.66,46
FREE UNIVERSITY OF BOLZANO,CenterName,44,0.5,0,0,44
NISC,CenterName,44,0.5,0,0,44
XUZHOU FIRST PEOPLE'S HOSPITAL,CenterName,43,0.49,0,0,43
KANSAI MEDICAL UNIVERSITY,CenterName,41,0.47,0,0,41
UNIVERSIDAD SAN SEBASTIAN,CenterName,41,0.47,0,0,41
REPRODUCTIVE MEDICINE CENTRE,CenterName,40,0.45,0,0,40
UNIVERSITY OF BRITISH COLUMBIA,CenterName,40,0.45,0,0,40
"UNIVERSITY OF CALIFORNIA, DAVIS",CenterName,0,0,40,2.32,40
UNIVERSITY OF IOWA,CenterName,20,0.23,20,1.16,40
MCMASTER UNIVERSITY,CenterName,0,0,37,2.14,37
DAIYONG,CenterName,31,0.35,0,0,31
GYEONGSANG NATIONAL UNIVERSITY HOSPITAL,CenterName,30,0.34,0,0,30
"SPIELMANN, HUMAN GENETICS, UKSH",CenterName,0,0,30,1.74,30
UNIVERSITY OF ALABAMA AT BIRMINGHAM,CenterName,30,0.34,0,0,30
"SCHOOL OF MEDICINE, RENJI HOSPITAL, SHANGHAI JIAOTONG UNIVERSITY, SHANGHAI, P.R. CHINA.",CenterName,28,0.32,0,0,28
"RHEUMATOLOGY, MEDICINE, ICAHN SCHOOL OF MEDICINE AT MOUNT SINAI",CenterName,0,0,26,1.51,26
EUROPEAN MOLECULAR BIOLOGY LABORATORY,CenterName,24,0.27,0,0,24
INSTITUTO NACIONAL DE ENFERMEDADES RESPIRATORIAS,CenterName,23,0.26,0,0,23
"PARTNER INSTITUTE FOR COMPUTATIONAL BIOLOGY,CAS",CenterName,23,0.26,0,0,23
INSTITUTE OF TRANSLATIONAL MEDICINE,CenterName,20,0.23,0,0,20
ZHEJIANG UNIVERSITY,CenterName,20,0.23,0,0,20
NATIONAL INSTITUTE OF ARTHRITIS AND MUSCULOSKELETAL AND SKIN DISEASES,CenterName,19,0.22,0,0,19
KYOTO UNIVERSITY,CenterName,0,0,18,1.04,18
UNIVERSITY OF COPENHAGEN,CenterName,17,0.19,0,0,17
BRIGHAM AND WOMEN'S HOPSITAL,CenterName,0,0,16,0.93,16
JAGIELLONIAN UNIVERSITY,CenterName,16,0.18,0,0,16
"SIGNAL TRANSDUCTION AND METABOLISM LABORATORY, UNIVERSITÉ LIBRE DE BRUXELLES",CenterName,0,0,16,0.93,16
ALKEK CENTER FOR METAGENOMICS AND MICROBIOME RESEARCH,CenterName,15,0.17,0,0,15
"IMMUNOLOGY, UNIVERSITY OF CONNECTICUT, SCHOOL OF MEDICINE",CenterName,15,0.17,0,0,15
THE UNIVERSITY OF SOUTH CAROLINA SCHOOL OF MEDICINE,CenterName,15,0.17,0,0,15
"PATHOPHYSIOLOGY, SOUTHERN MEDICAL UNIVERSITY",CenterName,0,0,13,0.75,13
"INST. FOR IMMUNOLOGY, UNIVERSITY MEDICAL CENTER MAINZ",CenterName,12,0.14,0,0,12
DONGGUK UNIVERSITY,CenterName,10,0.11,0,0,10
UNIVERSITY OF LAUSANNE,CenterName,10,0.11,0,0,10
MASSACHUSETTS GENERAL HOSPITAL,CenterName,0,0,9,0.52,9
"INTEGRATIVE BIOLOGY/COMPARATIVE BIOLOGY, PICB",CenterName,0,0,8,0.46,8
"MEHER LAB, EAST CAROLINA UNIVERSITY",CenterName,0,0,8,0.46,8
"VARTANIAN LAB, BRAIN AND MIND RESEARCH INSTITUTE, WEILL CORNELL MEDICAL COLLEGE, CORNELL UNIVERSITY",CenterName,8,0.09,0,0,8
JINAN UNIVERSITY,CenterName,0,0,6,0.35,6
JOHNS HOPKINS UNIVERSITY,CenterName,0,0,6,0.35,6
BRAZILIAN NATIONAL CANCER INSTITUTE,CenterName,4,0.05,0,0,4
"INSTITUTE OF PATHOLOGY, CANTONAL HOSPITAL BASELLAN",CenterName,4,0.05,0,0,4
LUBECK INSTITUTE OF EXPERMENTAL DERMATOLOGY,CenterName,0,0,3,0.17,3
PAIRED,LibraryLayout,6836,77.74,1201,69.54,8037
SINGLE,LibraryLayout,1957,22.26,526,30.46,2483
PCR,LibrarySelection,6296,71.6,1409,81.59,7705
RANDOM,LibrarySelection,1229,13.98,0,0,1229
cDNA,LibrarySelection,218,2.48,310,17.95,528
unspecified,LibrarySelection,283,3.22,0,0,283
RT-PCR,LibrarySelection,223,2.54,0,0,223
other,LibrarySelection,179,2.04,8,0.46,187
RANDOM PCR,LibrarySelection,178,2.02,0,0,178
size fractionation,LibrarySelection,167,1.9,0,0,167
repeat fractionation,LibrarySelection,20,0.23,0,0,20
METAGENOMIC,LibrarySource,6473,73.62,1054,61.03,7527
GENOMIC,LibrarySource,1057,12.02,143,8.28,1200
TRANSCRIPTOMIC,LibrarySource,339,3.86,318,18.41,657
OTHER,LibrarySource,433,4.92,212,12.28,645
METATRANSCRIPTOMIC,LibrarySource,491,5.58,0,0,491
AMPLICON,LibraryStrategy,5420,61.64,1306,75.62,6726
WGS,LibraryStrategy,1764,20.06,103,5.96,1867
RNA-Seq,LibraryStrategy,648,7.37,310,17.95,958
OTHER,LibraryStrategy,873,9.93,0,0,873
WGA,LibraryStrategy,88,1,0,0,88
RIP-Seq,LibraryStrategy,0,0,8,0.46,8
Illumina MiSeq,Model,5980,68.01,1322,76.55,7302
Illumina NovaSeq 6000,Model,915,10.41,103,5.96,1018
Illumina HiSeq 2500,Model,298,3.39,8,0.46,306
Illumina HiSeq 3000,Model,284,3.23,19,1.1,303
Illumina HiSeq 4000,Model,278,3.16,9,0.52,287
NextSeq 1000,Model,207,2.35,0,0,207
Illumina HiSeq 2000,Model,52,0.59,102,5.91,154
NextSeq 2000,Model,110,1.25,30,1.74,140
DNBSEQ-T7,Model,125,1.42,0,0,125
454 GS FLX+,Model,116,1.32,0,0,116
NextSeq 550,Model,113,1.29,0,0,113
Sequel IIe,Model,56,0.64,56,3.24,112
Illumina NovaSeq X,Model,90,1.02,6,0.35,96
NextSeq 500,Model,0,0,60,3.47,60
Illumina iSeq 100,Model,59,0.67,0,0,59
454 GS FLX Titanium,Model,55,0.63,0,0,55
454 GS FLX,Model,37,0.42,0,0,37
Illumina NovaSeq X Plus,Model,12,0.14,9,0.52,21
Ion Torrent S5 XL,Model,4,0.05,0,0,4
Illumina HiSeq X Ten,Model,0,0,3,0.17,3
DNBSEQ-G400,Model,2,0.02,0,0,2
ILLUMINA,Platform,8398,95.51,1671,96.76,10069
LS454,Platform,208,2.37,0,0,208
DNBSEQ,Platform,127,1.44,0,0,127
PACBIO_SMRT,Platform,56,0.64,56,3.24,112
ION_TORRENT,Platform,4,0.05,0,0,4
SRP385896,SRAStudy,323,3.67,0,0,323
SRP399952,SRAStudy,151,1.72,151,8.74,302
SRP435971,SRAStudy,145,1.65,145,8.4,290
SRP192580,SRAStudy,284,3.23,0,0,284
ERP110725,SRAStudy,281,3.2,0,0,281
ERP104707,SRAStudy,139,1.58,139,8.05,278
SRP495271,SRAStudy,276,3.14,0,0,276
ERP016546,SRAStudy,254,2.89,0,0,254
ERP115132,SRAStudy,250,2.84,0,0,250
ERP104700,SRAStudy,110,1.25,110,6.37,220
ERP110578,SRAStudy,0,0,212,12.28,212
ERP148333,SRAStudy,210,2.39,0,0,210
SRP075039,SRAStudy,210,2.39,0,0,210
ERP143860,SRAStudy,204,2.32,0,0,204
ERP012798,SRAStudy,200,2.27,0,0,200
SRP221011,SRAStudy,100,1.14,100,5.79,200
SRP533381,SRAStudy,193,2.19,0,0,193
ERP110753,SRAStudy,192,2.18,0,0,192
SRP376757,SRAStudy,189,2.15,0,0,189
ERP171437,SRAStudy,167,1.9,0,0,167
ERP180271,SRAStudy,163,1.85,0,0,163
ERP106749,SRAStudy,160,1.82,0,0,160
SRP303300,SRAStudy,158,1.8,0,0,158
SRP480742,SRAStudy,157,1.79,0,0,157
DRP012362,SRAStudy,151,1.72,0,0,151
ERP101460,SRAStudy,147,1.67,0,0,147
SRP338747,SRAStudy,139,1.58,0,0,139
SRP339561,SRAStudy,138,1.57,0,0,138
SRP360407,SRAStudy,130,1.48,0,0,130
ERP023334,SRAStudy,128,1.46,0,0,128
SRP599724,SRAStudy,125,1.42,0,0,125
SRP216634,SRAStudy,115,1.31,0,0,115
ERP023025,SRAStudy,113,1.29,0,0,113
SRP598659,SRAStudy,56,0.64,56,3.24,112
SRP504712,SRAStudy,110,1.25,0,0,110
ERP114695,SRAStudy,108,1.23,0,0,108
ERP013768,SRAStudy,100,1.14,0,0,100
ERP148268,SRAStudy,49,0.56,49,2.84,98
SRP107023,SRAStudy,0,0,96,5.56,96
DRP014389,SRAStudy,94,1.07,0,0,94
SRP216960,SRAStudy,92,1.05,0,0,92
SRP268533,SRAStudy,91,1.03,0,0,91
ERP187176,SRAStudy,90,1.02,0,0,90
SRP018025,SRAStudy,90,1.02,0,0,90
ERP146907,SRAStudy,85,0.97,0,0,85
SRP299632,SRAStudy,84,0.96,0,0,84
ERP177321,SRAStudy,80,0.91,0,0,80
SRP250979,SRAStudy,80,0.91,0,0,80
SRP460242,SRAStudy,80,0.91,0,0,80
SRP680979,SRAStudy,79,0.9,0,0,79
ERP184361,SRAStudy,77,0.88,0,0,77
SRP353096,SRAStudy,0,0,74,4.28,74
SRP163178,SRAStudy,72,0.82,0,0,72
SRP198958,SRAStudy,71,0.81,0,0,71
SRP306787,SRAStudy,0,0,69,4,69
SRP292367,SRAStudy,67,0.76,0,0,67
ERP117035,SRAStudy,65,0.74,0,0,65
SRP308948,SRAStudy,65,0.74,0,0,65
SRP330930,SRAStudy,63,0.72,0,0,63
SRP457752,SRAStudy,61,0.69,0,0,61
SRP337276,SRAStudy,60,0.68,0,0,60
SRP645439,SRAStudy,59,0.67,0,0,59
ERP151034,SRAStudy,0,0,58,3.36,58
DRP002320,SRAStudy,28,0.32,28,1.62,56
SRP602602,SRAStudy,54,0.61,0,0,54
SRP681029,SRAStudy,51,0.58,0,0,51
ERP118018,SRAStudy,0,0,50,2.9,50
SRP292412,SRAStudy,50,0.57,0,0,50
SRP593021,SRAStudy,0,0,50,2.9,50
ERP120789,SRAStudy,0,0,46,2.66,46
ERP140639,SRAStudy,44,0.5,0,0,44
SRP385828,SRAStudy,44,0.5,0,0,44
ERP169288,SRAStudy,43,0.49,0,0,43
SRP630667,SRAStudy,43,0.49,0,0,43
DRP016919,SRAStudy,41,0.47,0,0,41
SRP430138,SRAStudy,41,0.47,0,0,41
SRP294311,SRAStudy,0,0,40,2.32,40
SRP309266,SRAStudy,40,0.45,0,0,40
SRP377237,SRAStudy,20,0.23,20,1.16,40
SRP405726,SRAStudy,40,0.45,0,0,40
SRP645548,SRAStudy,40,0.45,0,0,40
SRP112770,SRAStudy,0,0,37,2.14,37
ERP122511,SRAStudy,31,0.35,0,0,31
SRP311837,SRAStudy,30,0.34,0,0,30
SRP328485,SRAStudy,30,0.34,0,0,30
SRP501174,SRAStudy,0,0,30,1.74,30
SRP310967,SRAStudy,28,0.32,0,0,28
ERP143763,SRAStudy,26,0.3,0,0,26
SRP531657,SRAStudy,0,0,26,1.51,26
ERP104026,SRAStudy,24,0.27,0,0,24
SRP368083,SRAStudy,24,0.27,0,0,24
SRP311202,SRAStudy,23,0.26,0,0,23
SRP365661,SRAStudy,20,0.23,0,0,20
SRP368081,SRAStudy,20,0.23,0,0,20
SRP642263,SRAStudy,20,0.23,0,0,20
SRP186885,SRAStudy,0,0,19,1.1,19
SRP531187,SRAStudy,0,0,18,1.04,18
SRP359182,SRAStudy,17,0.19,0,0,17
SRP398457,SRAStudy,17,0.19,0,0,17
SRP442889,SRAStudy,0,0,16,0.93,16
SRP498536,SRAStudy,0,0,16,0.93,16
SRP506062,SRAStudy,16,0.18,0,0,16
SRP573272,SRAStudy,16,0.18,0,0,16
SRP064649,SRAStudy,15,0.17,0,0,15
SRP187577,SRAStudy,15,0.17,0,0,15
SRP475795,SRAStudy,14,0.16,0,0,14
SRP467386,SRAStudy,0,0,13,0.75,13
SRP034624,SRAStudy,12,0.14,0,0,12
SRP368079,SRAStudy,12,0.14,0,0,12
SRP670326,SRAStudy,12,0.14,0,0,12
SRP034535,SRAStudy,11,0.13,0,0,11
SRP328150,SRAStudy,0,0,10,0.58,10
SRP546218,SRAStudy,10,0.11,0,0,10
SRP563120,SRAStudy,10,0.11,0,0,10
SRP249530,SRAStudy,0,0,9,0.52,9
SRP513738,SRAStudy,9,0.1,0,0,9
SRP556997,SRAStudy,0,0,9,0.52,9
SRP385834,SRAStudy,0,0,8,0.46,8
SRP418093,SRAStudy,8,0.09,0,0,8
SRP490015,SRAStudy,0,0,8,0.46,8
SRP448015,SRAStudy,6,0.07,0,0,6
SRP506866,SRAStudy,0,0,6,0.35,6
SRP513923,SRAStudy,0,0,6,0.35,6
ERP158554,SRAStudy,4,0.05,0,0,4
SRP301598,SRAStudy,4,0.05,0,0,4
ERP112119,SRAStudy,0,0,3,0.17,3
mouse gut metagenome,ScientificName,2364,26.89,575,33.29,2939
human gut metagenome,ScientificName,1769,20.12,146,8.45,1915
Homo sapiens,ScientificName,1110,12.62,332,19.22,1442
Mus musculus,ScientificName,466,5.3,333,19.28,799
gut metagenome,ScientificName,557,6.33,195,11.29,752
metagenome,ScientificName,506,5.75,0,0,506
mouse metagenome,ScientificName,345,3.92,146,8.45,491
human metagenome,ScientificName,407,4.63,0,0,407
Struthio camelus,ScientificName,281,3.2,0,0,281
human blood metagenome,ScientificName,205,2.33,0,0,205
Pygathrix nemaeus,ScientificName,111,1.26,0,0,111
skin metagenome,ScientificName,102,1.16,0,0,102
human oral metagenome,ScientificName,94,1.07,0,0,94
reproductive system metagenome,ScientificName,79,0.9,0,0,79
uncultured bacterium,ScientificName,72,0.82,0,0,72
Alouatta palliata,ScientificName,56,0.64,0,0,56
metagenomes,ScientificName,44,0.5,0,0,44
mouse skin metagenome,ScientificName,44,0.5,0,0,44
soil metagenome,ScientificName,40,0.45,0,0,40
Staphylococcus aureus,ScientificName,32,0.36,0,0,32
feces metagenome,ScientificName,32,0.36,0,0,32
synthetic metagenome,ScientificName,20,0.23,0,0,20
Saguinus imperator subgrisescens,ScientificName,10,0.11,0,0,10
mixed DNA library,ScientificName,10,0.11,0,0,10
synthetic construct,ScientificName,7,0.08,0,0,7
Ateles geoffroyi,ScientificName,5,0.06,0,0,5
Pithecia pithecia,ScientificName,5,0.06,0,0,5
medical device metagenome,ScientificName,5,0.06,0,0,5
Pongo abelii,ScientificName,4,0.05,0,0,4
Gorilla gorilla gorilla,ScientificName,3,0.03,0,0,3
Cercopithecus neglectus,ScientificName,2,0.02,0,0,2
Eulemur flavifrons,ScientificName,2,0.02,0,0,2
Saguinus geoffroyi,ScientificName,2,0.02,0,0,2
blank sample,ScientificName,2,0.02,0,0,2
